{
  "IMG_6590.JPG": [
    [
      3110.0707395498393,
      2429.64
    ]
  ],
  "IMG_6591.JPG": [
    [
      2901.9163987138263,
      2802.96
    ],
    [
      3110.0707395498393,
      2802.96
    ],
    [
      3379.4469453376205,
      2558.16
    ],
    [
      3220.2700964630226,
      2405.16
    ],
    [
      3110.0707395498393,
      2111.4
    ],
    [
      3085.581993569132,
      2270.52
    ],
    [
      3061.0932475884247,
      2319.48
    ],
    [
      2889.672025723473,
      2448.0
    ]
  ],
  "IMG_6592.JPG": [
    [
      3005.993569131833,
      2570.4
    ],
    [
      3128.43729903537,
      2258.28
    ],
    [
      3263.1254019292605,
      1976.76
    ],
    [
      3465.1575562700964,
      2203.2
    ],
    [
      3630.4565916398715,
      1762.56
    ],
    [
      3703.9228295819935,
      2056.32
    ],
    [
      3771.2668810289388,
      2343.96
    ],
    [
      3348.8360128617364,
      2417.4
    ]
  ]
}